table_name,column_name,data_type,is_nullable,column_default
aml_alerts,id,integer,NO,nextval('aml_alerts_id_seq'::regclass)
aml_alerts,created_at,timestamp with time zone,NO,
aml_alerts,tx_hash,character varying,YES,
aml_alerts,sender,character varying,NO,
aml_alerts,recipient,character varying,NO,
aml_alerts,chain_id,integer,YES,
aml_alerts,amount_eur,double precision,YES,
aml_alerts,token_symbol,character varying,YES,
aml_alerts,alert_type,USER-DEFINED,NO,
aml_alerts,risk_level,USER-DEFINED,NO,
aml_alerts,details,text,YES,
aml_alerts,status,USER-DEFINED,NO,
aml_alerts,reviewed_by,character varying,YES,
aml_alerts,reviewed_at,timestamp with time zone,YES,
aml_alerts,review_notes,text,YES,
aml_alerts,requires_kyc,boolean,NO,
aml_alerts,sar_filed,boolean,NO,
aml_config,id,integer,NO,
aml_config,threshold_single_eur,double precision,NO,
aml_config,threshold_daily_eur,double precision,NO,
aml_config,threshold_monthly_eur,double precision,NO,
aml_config,velocity_limit_per_hour,integer,NO,
aml_config,structuring_window_hours,integer,NO,
aml_config,structuring_min_count,integer,NO,
aml_config,structuring_threshold_pct,double precision,NO,
aml_config,updated_at,timestamp with time zone,NO,
anomaly_alerts,id,integer,NO,nextval('anomaly_alerts_id_seq'::regclass)
anomaly_alerts,anomaly_type,USER-DEFINED,NO,
anomaly_alerts,z_score,double precision,NO,
anomaly_alerts,description,text,NO,
anomaly_alerts,window_start,timestamp with time zone,NO,
anomaly_alerts,window_end,timestamp with time zone,NO,
anomaly_alerts,affected_tx_count,integer,YES,
anomaly_alerts,resolved,boolean,YES,
anomaly_alerts,created_at,timestamp with time zone,YES,
api_keys,id,integer,NO,nextval('api_keys_id_seq'::regclass)
api_keys,owner_address,character varying,NO,
api_keys,key_hash,character varying,NO,
api_keys,key_prefix,character varying,NO,
api_keys,display_prefix,character varying,YES,
api_keys,key_hash_v2,character varying,YES,
api_keys,hash_version,smallint,NO,
api_keys,label,character varying,NO,
api_keys,is_active,boolean,NO,
api_keys,scope,character varying,NO,
api_keys,environment,character varying,NO,
api_keys,rate_limit_rpm,integer,NO,
api_keys,total_requests,integer,NO,
api_keys,total_intents_created,integer,NO,
api_keys,total_volume_usd,character varying,YES,
api_keys,monthly_intent_limit,integer,NO,
api_keys,monthly_volume_limit_usd,character varying,YES,
api_keys,created_at,timestamp with time zone,NO,
api_keys,last_used_at,timestamp with time zone,YES,
api_keys,revoked_at,timestamp with time zone,YES,
audit_log,id,bigint,NO,nextval('audit_log_id_seq'::regclass)
audit_log,sequence_number,bigint,NO,
audit_log,event_type,character varying,NO,
audit_log,entity_type,character varying,NO,
audit_log,entity_id,character varying,NO,
audit_log,actor_type,character varying,YES,
audit_log,actor_id,character varying,YES,
audit_log,ip_address,inet,YES,
audit_log,user_agent,text,YES,
audit_log,changes,jsonb,YES,
audit_log,request_id,uuid,YES,
audit_log,chain_hash,character varying,NO,
audit_log,previous_hash,character varying,NO,
audit_log,created_at,timestamp with time zone,NO,
audit_log,hmac_signature,character varying,YES,
auth_audit_log,id,bigint,NO,nextval('auth_audit_log_id_seq'::regclass)
auth_audit_log,event_type,text,NO,
auth_audit_log,user_id,uuid,YES,
auth_audit_log,session_id,text,YES,
auth_audit_log,ip_address,inet,YES,
auth_audit_log,user_agent,text,YES,
auth_audit_log,google_sub,text,YES,
auth_audit_log,correlation_id,text,YES,
auth_audit_log,details,jsonb,NO,
auth_audit_log,created_at,timestamp with time zone,NO,
blacklisted_wallets,id,integer,NO,nextval('blacklisted_wallets_id_seq'::regclass)
blacklisted_wallets,address,character varying,NO,
blacklisted_wallets,reason,text,NO,
blacklisted_wallets,source,character varying,NO,
blacklisted_wallets,added_by,character varying,YES,
blacklisted_wallets,is_active,boolean,YES,
blacklisted_wallets,created_at,timestamp with time zone,YES,
company_profiles,id,uuid,NO,
company_profiles,org_id,uuid,NO,
company_profiles,legal_name,text,YES,
company_profiles,trading_name,text,YES,
company_profiles,country,character varying,YES,
company_profiles,registration_number,text,YES,
company_profiles,tax_or_vat_number,text,YES,
company_profiles,website,text,YES,
company_profiles,business_category,text,YES,
company_profiles,expected_monthly_volume,text,YES,
company_profiles,countries_served,jsonb,YES,
company_profiles,primary_stablecoin,text,YES,
company_profiles,no_sanctioned_countries,boolean,YES,
company_profiles,no_prohibited_activities,boolean,YES,
company_profiles,has_pep,boolean,YES,
company_profiles,submitted_at,timestamp with time zone,YES,
company_profiles,created_at,timestamp with time zone,NO,
company_profiles,updated_at,timestamp with time zone,NO,
compliance_snapshots,id,integer,NO,nextval('compliance_snapshots_id_seq'::regclass)
compliance_snapshots,transaction_id,integer,NO,
compliance_snapshots,compliance_id,character varying,NO,
compliance_snapshots,block_timestamp,character varying,YES,
compliance_snapshots,fiat_rate,double precision,YES,
compliance_snapshots,asset,character varying,YES,
compliance_snapshots,fiat_gross,double precision,YES,
compliance_snapshots,ip_jurisdiction,character varying,YES,
compliance_snapshots,mica_applicable,boolean,YES,
compliance_snapshots,network,character varying,YES,
compliance_snapshots,fiscal_ref,character varying,YES,
compliance_snapshots,created_at,timestamp with time zone,YES,
consent_records,id,uuid,NO,
consent_records,user_id,uuid,NO,
consent_records,document_type,text,NO,
consent_records,document_version,text,NO,
consent_records,accepted_at,timestamp with time zone,NO,
email_verification_tokens,id,uuid,NO,
email_verification_tokens,user_id,uuid,NO,
email_verification_tokens,token_hash,character varying,NO,
email_verification_tokens,email_at_issue,text,NO,
email_verification_tokens,created_at,timestamp with time zone,NO,
email_verification_tokens,expires_at,timestamp with time zone,NO,
email_verification_tokens,used_at,timestamp with time zone,YES,
email_verification_tokens,ip_at_issue,character varying,YES,
invoice_counters,year,integer,NO,nextval('invoice_counters_year_seq'::regclass)
invoice_counters,last_seq,integer,NO,
invoices,id,uuid,NO,
invoices,invoice_number,character varying,YES,
invoices,owner_address,character varying,NO,
invoices,period_start,timestamp with time zone,NO,
invoices,period_end,timestamp with time zone,NO,
invoices,tx_count,integer,NO,
invoices,unit_price_eur,numeric,NO,
invoices,subtotal_eur,numeric,NO,
invoices,tax_regime,character varying,YES,
invoices,tax_rate,numeric,YES,
invoices,tax_amount_eur,numeric,YES,
invoices,tax_note,text,YES,
invoices,total_eur,numeric,NO,
invoices,status,character varying,NO,
invoices,issued_at,timestamp with time zone,YES,
invoices,created_at,timestamp with time zone,NO,
invoices,snapshot_issuer,jsonb,YES,
invoices,snapshot_client,jsonb,YES,
known_devices,id,uuid,NO,
known_devices,user_id,uuid,NO,
known_devices,fingerprint,text,NO,
known_devices,user_agent_snippet,text,YES,
known_devices,ip_first_seen,text,YES,
known_devices,ip_last_seen,text,YES,
known_devices,first_seen_at,timestamp with time zone,NO,now()
known_devices,last_seen_at,timestamp with time zone,NO,now()
known_devices,login_count,integer,NO,
memberships,id,uuid,NO,
memberships,user_id,uuid,NO,
memberships,org_id,uuid,NO,
memberships,role,text,NO,
memberships,invited_by_user_id,uuid,YES,
memberships,joined_at,timestamp with time zone,NO,now()
memberships,updated_at,timestamp with time zone,NO,now()
merchant_profiles,id,uuid,NO,
merchant_profiles,owner_address,character varying,NO,
merchant_profiles,billing_legal_name,text,YES,
merchant_profiles,billing_vat_number,text,YES,
merchant_profiles,billing_tax_code,text,YES,
merchant_profiles,billing_address_line,text,YES,
merchant_profiles,billing_city,text,YES,
merchant_profiles,billing_postal_code,text,YES,
merchant_profiles,billing_country,text,YES,
merchant_profiles,billing_email,text,YES,
merchant_profiles,billing_pec,text,YES,
merchant_profiles,created_at,timestamp with time zone,NO,
merchant_profiles,updated_at,timestamp with time zone,NO,
merchant_profiles,metadata,jsonb,YES,
merchant_webhooks,id,integer,NO,nextval('merchant_webhooks_id_seq'::regclass)
merchant_webhooks,merchant_id,character varying,NO,
merchant_webhooks,environment,character varying,NO,'live'::character varying
merchant_webhooks,url,character varying,NO,
merchant_webhooks,secret,character varying,NO,
merchant_webhooks,events,json,NO,
merchant_webhooks,is_active,boolean,NO,
merchant_webhooks,created_at,timestamp with time zone,NO,
notification_preferences,user_id,uuid,NO,
notification_preferences,email_login_new_device,boolean,NO,
notification_preferences,telegram_tx_confirmed,boolean,NO,
notification_preferences,telegram_tx_failed,boolean,NO,
notification_preferences,telegram_price_alerts,boolean,NO,
notification_preferences,telegram_chat_id,text,YES,
notification_preferences,updated_at,timestamp with time zone,NO,now()
org_invites,id,uuid,NO,
org_invites,org_id,uuid,NO,
org_invites,email,text,NO,
org_invites,role,text,NO,
org_invites,token_hash,character varying,NO,
org_invites,invited_by_user_id,uuid,YES,
org_invites,status,text,NO,
org_invites,created_at,timestamp with time zone,NO,now()
org_invites,expires_at,timestamp with time zone,NO,
org_invites,accepted_at,timestamp with time zone,YES,
org_invites,declined_at,timestamp with time zone,YES,
org_invites,accepted_by_user_id,uuid,YES,
organizations,id,uuid,NO,
organizations,name,text,NO,
organizations,slug,text,NO,
organizations,owner_user_id,uuid,NO,
organizations,is_personal,boolean,NO,
organizations,plan,text,NO,
organizations,created_at,timestamp with time zone,NO,now()
organizations,updated_at,timestamp with time zone,NO,now()
organizations,deleted_at,timestamp with time zone,YES,
organizations,extra_metadata,jsonb,NO,
organizations,settlement_wallet,character varying,YES,
organizations,onboarding_status,text,NO,'company_submitted'::text
organizations,activation_status,text,NO,'not_started'::text
password_reset_tokens,id,uuid,NO,
password_reset_tokens,user_id,uuid,NO,
password_reset_tokens,token_hash,character varying,NO,
password_reset_tokens,created_at,timestamp with time zone,NO,
password_reset_tokens,expires_at,timestamp with time zone,NO,
password_reset_tokens,used_at,timestamp with time zone,YES,
password_reset_tokens,ip_at_issue,character varying,YES,
password_reset_tokens,ip_at_use,character varying,YES,
payment_intents,id,integer,NO,nextval('payment_intents_id_seq'::regclass)
payment_intents,intent_id,character varying,NO,
payment_intents,reference_id,character varying,NO,
payment_intents,merchant_id,character varying,NO,
payment_intents,environment,character varying,NO,'live'::character varying
payment_intents,amount,double precision,NO,
payment_intents,currency,character varying,NO,
payment_intents,recipient,character varying,YES,
payment_intents,network,character varying,YES,
payment_intents,expected_sender,character varying,YES,
payment_intents,status,USER-DEFINED,NO,
payment_intents,tx_hash,character varying,YES,
payment_intents,metadata,json,YES,
payment_intents,onchain_invoice_id,character varying,YES,
payment_intents,chain,character varying,NO,
payment_intents,matched_tx_hash,character varying,YES,
payment_intents,matched_at,timestamp with time zone,YES,
payment_intents,expires_at,timestamp with time zone,NO,
payment_intents,created_at,timestamp with time zone,NO,
payment_intents,completed_at,timestamp with time zone,YES,
payment_intents,late_payment_policy,character varying,NO,
payment_intents,completed_late,boolean,NO,
payment_intents,late_minutes,integer,YES,
payment_intents,amount_received,character varying,YES,
payment_intents,overpaid_amount,character varying,YES,
payment_intents,underpaid_amount,character varying,YES,
payment_intents,amount_tolerance_percent,double precision,YES,
payment_intents,allow_partial,boolean,YES,
payment_intents,allow_overpayment,boolean,YES,
payment_settlements,id,integer,NO,nextval('payment_settlements_id_seq'::regclass)
payment_settlements,invoice_id,character varying,NO,
payment_settlements,merchant,character varying,NO,
payment_settlements,payer,character varying,NO,
payment_settlements,token,character varying,NO,
payment_settlements,amount,numeric,NO,
payment_settlements,fee,numeric,YES,
payment_settlements,block_timestamp,timestamp with time zone,YES,
payment_settlements,chain_id,integer,NO,
payment_settlements,tx_hash,character varying,NO,
payment_settlements,log_index,integer,NO,
payment_settlements,block_number,bigint,NO,
payment_settlements,block_hash,character varying,YES,
payment_settlements,status,USER-DEFINED,NO,
payment_settlements,finalized_at,timestamp with time zone,YES,
payment_settlements,webhook_fired_at,timestamp with time zone,YES,
payment_settlements,reversal_fired_at,timestamp with time zone,YES,
payment_settlements,intent_id,character varying,YES,
payment_settlements,created_at,timestamp with time zone,NO,
sanctions_list,id,integer,NO,nextval('sanctions_list_id_seq'::regclass)
sanctions_list,address,character varying,NO,
sanctions_list,name,character varying,YES,
sanctions_list,program,character varying,YES,
sanctions_list,source,character varying,NO,
sanctions_list,source_id,character varying,YES,
sanctions_list,is_active,boolean,NO,
sanctions_list,added_at,timestamp with time zone,NO,
transaction_logs,id,integer,NO,nextval('transaction_logs_id_seq'::regclass)
transaction_logs,fiscal_ref,character varying,NO,
transaction_logs,payment_ref,character varying,YES,
transaction_logs,tx_hash,character varying,NO,
transaction_logs,gross_amount,double precision,NO,
transaction_logs,net_amount,double precision,NO,
transaction_logs,fee_amount,double precision,NO,
transaction_logs,currency,character varying,NO,
transaction_logs,eur_value,double precision,YES,
transaction_logs,network,character varying,NO,
transaction_logs,status,USER-DEFINED,NO,
transaction_logs,recipient,character varying,YES,
transaction_logs,x_signature,character varying,NO,
transaction_logs,signature_valid,boolean,YES,
transaction_logs,tx_timestamp,timestamp with time zone,NO,
transaction_logs,received_at,timestamp with time zone,NO,
user_api_keys,id,uuid,NO,
user_api_keys,user_id,uuid,NO,
user_api_keys,org_id,uuid,NO,
user_api_keys,created_by_user_id,uuid,YES,
user_api_keys,label,text,NO,
user_api_keys,key_prefix,character varying,NO,
user_api_keys,display_prefix,character varying,NO,
user_api_keys,key_hash,character varying,NO,
user_api_keys,hash_version,smallint,NO,
user_api_keys,environment,character varying,NO,
user_api_keys,scopes,jsonb,NO,
user_api_keys,rate_limit_rpm,integer,NO,
user_api_keys,is_active,boolean,NO,
user_api_keys,revoked_at,timestamp with time zone,YES,
user_api_keys,revoked_reason,text,YES,
user_api_keys,created_at,timestamp with time zone,NO,now()
user_api_keys,updated_at,timestamp with time zone,NO,now()
user_api_keys,last_used_at,timestamp with time zone,YES,
user_api_keys,last_used_ip,character varying,YES,
user_api_keys,total_requests,integer,NO,
user_api_keys,extra_metadata,jsonb,NO,
user_contacts,id,uuid,NO,
user_contacts,user_id,uuid,NO,
user_contacts,address,text,NO,
user_contacts,label,text,NO,
user_contacts,last_used_at,timestamp with time zone,YES,
user_contacts,tx_count,integer,NO,
user_contacts,extra_metadata,jsonb,NO,
user_contacts,created_at,timestamp with time zone,NO,now()
user_contacts,updated_at,timestamp with time zone,NO,now()
user_routes,id,uuid,NO,
user_routes,user_id,uuid,NO,
user_routes,name,text,NO,
user_routes,route_config,jsonb,NO,
user_routes,is_favorite,boolean,NO,
user_routes,created_at,timestamp with time zone,NO,now()
user_routes,updated_at,timestamp with time zone,NO,now()
user_routes,last_used_at,timestamp with time zone,YES,
user_routes,use_count,integer,NO,
user_sessions,id,uuid,NO,
user_sessions,user_id,uuid,NO,
user_sessions,session_id,text,NO,
user_sessions,refresh_token_hash,text,NO,
user_sessions,created_at,timestamp with time zone,NO,
user_sessions,expires_at,timestamp with time zone,NO,
user_sessions,last_used_at,timestamp with time zone,NO,
user_sessions,revoked_at,timestamp with time zone,YES,
user_sessions,revoked_reason,text,YES,
user_sessions,ip_address,inet,YES,
user_sessions,user_agent,text,YES,
user_sessions,device_fingerprint,text,YES,
user_transactions,id,uuid,NO,
user_transactions,user_id,uuid,NO,
user_transactions,chain_id,integer,NO,
user_transactions,tx_hash,text,NO,
user_transactions,wallet_address,text,NO,
user_transactions,tx_type,text,NO,
user_transactions,tx_status,text,NO,
user_transactions,direction,text,NO,
user_transactions,token_symbol,text,YES,
user_transactions,token_address,text,YES,
user_transactions,amount_raw,text,YES,
user_transactions,amount_decimal,numeric,YES,
user_transactions,counterparty_address,text,YES,
user_transactions,extra_metadata,jsonb,NO,
user_transactions,gas_used,bigint,YES,
user_transactions,gas_price_gwei,numeric,YES,
user_transactions,block_number,bigint,YES,
user_transactions,submitted_at,timestamp with time zone,NO,now()
user_transactions,confirmed_at,timestamp with time zone,YES,
user_transactions,updated_at,timestamp with time zone,NO,now()
user_wallets,id,uuid,NO,
user_wallets,user_id,uuid,NO,
user_wallets,org_id,uuid,NO,
user_wallets,created_by_user_id,uuid,YES,
user_wallets,chain_family,text,NO,
user_wallets,address,text,NO,
user_wallets,display_address,text,NO,
user_wallets,chain_id,integer,YES,
user_wallets,verified_chain_id,integer,NO,
user_wallets,label,text,NO,
user_wallets,is_primary,boolean,NO,
user_wallets,verified_at,timestamp with time zone,NO,now()
user_wallets,verified_via,text,NO,
user_wallets,unlinked_at,timestamp with time zone,YES,
user_wallets,unlinked_reason,text,YES,
user_wallets,created_at,timestamp with time zone,NO,now()
user_wallets,updated_at,timestamp with time zone,NO,now()
user_wallets,last_activity_at,timestamp with time zone,YES,
user_wallets,extra_metadata,jsonb,NO,
users,id,uuid,NO,
users,google_sub,text,YES,
users,github_sub,text,YES,
users,github_username,text,YES,
users,email,text,NO,
users,email_verified,boolean,NO,
users,email_verified_at,timestamp with time zone,YES,
users,password_hash,character varying,YES,
users,password_set_at,timestamp with time zone,YES,
users,display_name,text,YES,
users,avatar_url,text,YES,
users,locale,text,YES,
users,created_at,timestamp with time zone,NO,
users,updated_at,timestamp with time zone,NO,
users,last_login_at,timestamp with time zone,YES,
users,last_login_ip,inet,YES,
users,status,text,NO,
users,account_type,character varying,NO,
users,first_name,character varying,YES,
users,last_name,character varying,YES,
users,date_of_birth,date,YES,
users,country_of_residence,character varying,YES,
users,newsletter_opt_in,boolean,YES,
users,metadata_json,jsonb,NO,
users,deletion_requested_at,timestamp with time zone,YES,
users,deletion_scheduled_for,timestamp with time zone,YES,
users,deletion_reason,text,YES,
users,active_org_id,uuid,YES,
users,age_attested,boolean,NO,false
users,age_attested_at,timestamp with time zone,YES,
webhook_deliveries,id,integer,NO,nextval('webhook_deliveries_id_seq'::regclass)
webhook_deliveries,webhook_id,integer,NO,
webhook_deliveries,idempotency_key,character varying,NO,
webhook_deliveries,event_type,character varying,NO,
webhook_deliveries,payload,json,NO,
webhook_deliveries,status,USER-DEFINED,NO,
webhook_deliveries,response_code,integer,YES,
webhook_deliveries,response_body,text,YES,
webhook_deliveries,retries,integer,NO,
webhook_deliveries,next_retry_at,timestamp with time zone,YES,
webhook_deliveries,created_at,timestamp with time zone,NO,
webhook_deliveries,delivered_at,timestamp with time zone,YES,
